{"cameraMode":{"drawMode":0,"name":"Shaded","section":"Shading Mode"},"sceneLighting":false,"audioPlay":false,"sceneViewState":{"m_AlwaysRefresh":false,"showFog":true,"showSkybox":false,"showFlares":true,"showImageEffects":true,"showParticleSystems":true,"showVisualEffectGraphs":true,"m_FxEnabled":true},"in2DMode":false,"pivot":{"x":2.761284589767456,"y":294.63690185546877,"z":1056.7794189453125},"rotation":{"x":-0.12596440315246583,"y":-0.014287346974015236,"z":0.001817971235141158,"w":-0.9919537305831909},"size":145.16754150390626,"orthographic":false}